Noticias,links
,https://noticias.canalrcn.com/https://deportes.canalrcn.com/futbol/futbol-internacional/james-rodriguez-es-nuevo-jugador-del-everton-de-la-premier-league-124700
James RodrÃ­guez es nuevo jugador del Everton de la Premier LeagueSeptiembre 01 2020 13:10 PM,https://noticias.canalrcn.com/https://deportes.canalrcn.com/futbol/futbol-internacional/james-rodriguez-es-nuevo-jugador-del-everton-de-la-premier-league-124700
,https://noticias.canalrcn.com/https://noticias.canalrcn.com/nacional/estas-son-las-medidas-especiales-del-aislamiento-selectivo-que-ya-rige-en-colombia-362201
Estas son las medidas especiales que ya rigen en Colombia por el aislamiento selectivoSeptiembre 01 2020 08:35 AM,https://noticias.canalrcn.com/https://noticias.canalrcn.com/nacional/estas-son-las-medidas-especiales-del-aislamiento-selectivo-que-ya-rige-en-colombia-362201
,https://noticias.canalrcn.com/https://noticias.canalrcn.com/bogota/aunque-quiso-separarlos-pareja-de-esposos-vencio-al-coronavirus-362203
"Aunque quiso separarlos, pareja de esposos venciÃ³ al coronavirusSeptiembre 01 2020 11:09 AM",https://noticias.canalrcn.com/https://noticias.canalrcn.com/bogota/aunque-quiso-separarlos-pareja-de-esposos-vencio-al-coronavirus-362203
,https://noticias.canalrcn.com/https://noticias.canalrcn.com/bogota/denuncian-cobros-excesivos-durante-reactivacion-de-transporte-terrestre-362197
Denuncian cobros excesivos durante reactivaciÃ³n del transporte terrestreSeptiembre 01 2020 06:57 AM,https://noticias.canalrcn.com/https://noticias.canalrcn.com/bogota/denuncian-cobros-excesivos-durante-reactivacion-de-transporte-terrestre-362197
,https://noticias.canalrcn.com/https://deportes.canalrcn.com/futbol/futbol-internacional/james-rodriguez-es-nuevo-jugador-del-everton-de-la-premier-league-124700
James RodrÃ­guez es nuevo jugador del Everton de la Premier League September 01 2020 13:00 PM,https://noticias.canalrcn.com/https://deportes.canalrcn.com/futbol/futbol-internacional/james-rodriguez-es-nuevo-jugador-del-everton-de-la-premier-league-124700
,https://noticias.canalrcn.com/https://deportes.canalrcn.com/ciclismo/ruta/roglic-gana-y-nairo-es-cuarto-en-la-etapa-4-del-tour-2020-124689
Roglic gana y Nairo es cuarto en la etapa 4 del Tour 2020 September 01 2020 10:45 AM,https://noticias.canalrcn.com/https://deportes.canalrcn.com/ciclismo/ruta/roglic-gana-y-nairo-es-cuarto-en-la-etapa-4-del-tour-2020-124689
,https://noticias.canalrcn.com/https://deportes.canalrcn.com/futbol/futbol-internacional/se-queda-companero-de-juanfer-en-river-plate-hace-un-pique-124694
Â¿Se queda? CompaÃ±ero de JuanFer en River Plate hace un 'PiquÃ©'September 01 2020 12:01 PM,https://noticias.canalrcn.com/https://deportes.canalrcn.com/futbol/futbol-internacional/se-queda-companero-de-juanfer-en-river-plate-hace-un-pique-124694
,https://noticias.canalrcn.com/https://deportes.canalrcn.com/futbol/futbol-internacional/el-colombiano-sebastian-villa-analiza-salir-de-boca-juniors-en-medio-de
SebastiÃ¡n Villa y su pedido a Boca para que acepte una oferta de Brasil y salir del club September 01 2020 10:24 AM,https://noticias.canalrcn.com/https://deportes.canalrcn.com/futbol/futbol-internacional/el-colombiano-sebastian-villa-analiza-salir-de-boca-juniors-en-medio-de
,https://noticias.canalrcn.com/https://canalrcn.com/super-like/gente/articulo-video/hija-de-marbelle-revela-detalles-de-su-noviazgo-con-johana-leon-14349
Hija de Marbelle revela detalles de su noviazgo con Johana LeÃ³nSeptiembre 01 2020 11:49 AM,https://noticias.canalrcn.com/https://canalrcn.com/super-like/gente/articulo-video/hija-de-marbelle-revela-detalles-de-su-noviazgo-con-johana-leon-14349
,https://noticias.canalrcn.com/https://canalrcn.com/super-like/gente/articulo-video/que-cuerpo-karol-g-presumio-sus-voluptuosas-curvas-en-diminuto-bikini-14329
"QuÃ© cuerpo, Karol G presumiÃ³ sus voluptuosas curvas en diminuto bikiniAgosto 31 2020 11:31 AM",https://noticias.canalrcn.com/https://canalrcn.com/super-like/gente/articulo-video/que-cuerpo-karol-g-presumio-sus-voluptuosas-curvas-en-diminuto-bikini-14329
,https://noticias.canalrcn.com/https://canalrcn.com/super-like/gente/articulo-nota/asi-se-veia-elianis-garrido-cuando-no-tenia-cirugias-esteticas-y-era-porrista
AsÃ­ se veÃ­a Elianis Garrido cuando no tenÃ­a cirugÃ­as estÃ©ticas y era porristaAgosto 28 2020 11:27 AM,https://noticias.canalrcn.com/https://canalrcn.com/super-like/gente/articulo-nota/asi-se-veia-elianis-garrido-cuando-no-tenia-cirugias-esteticas-y-era-porrista
,https://noticias.canalrcn.com/https://canalrcn.com/super-like/gente/articulo-video/shannon-de-lima-presumio-sus-supuestos-kilos-de-mas-en-diminuto-bikini-14348
Shannon de Lima presumiÃ³ sus supuestos kilos de mÃ¡s en diminuto bikiniSeptiembre 01 2020 11:19 AM,https://noticias.canalrcn.com/https://canalrcn.com/super-like/gente/articulo-video/shannon-de-lima-presumio-sus-supuestos-kilos-de-mas-en-diminuto-bikini-14348
,https://noticias.canalrcn.com/https://canalrcn.com/todogamers/novedades/articulo-video/ps5-estrena-un-nuevo-trailer-de-la-consola-3228
Â¡PS5 estrena un nuevo trÃ¡iler de la consola!Septiembre 01 2020 11:33 AM,https://noticias.canalrcn.com/https://canalrcn.com/todogamers/novedades/articulo-video/ps5-estrena-un-nuevo-trailer-de-la-consola-3228
,https://noticias.canalrcn.com/https://canalrcn.com/todogamers/novedades/articulo-nota/este-podria-ser-el-nuevo-nombre-de-gods-monsters-3207
Este podrÃ­a ser el nuevo nombre de Gods & MonstersAgosto 31 2020 09:12 AM,https://noticias.canalrcn.com/https://canalrcn.com/todogamers/novedades/articulo-nota/este-podria-ser-el-nuevo-nombre-de-gods-monsters-3207
,https://noticias.canalrcn.com/https://canalrcn.com/todogamers/novedades/articulo-nota/ghostrunner-abre-pre-registro-para-su-beta-cerrada-3208
Ghostrunner abre pre-registro para su beta cerradaAgosto 31 2020 09:48 AM,https://noticias.canalrcn.com/https://canalrcn.com/todogamers/novedades/articulo-nota/ghostrunner-abre-pre-registro-para-su-beta-cerrada-3208
,https://noticias.canalrcn.com/https://canalrcn.com/todogamers/trucos-y-guias/articulo-video/prueba-estos-tres-juegos-al-estilo-fall-guys-en-tu-celular-3212
Prueba estos tres juegos al estilo Fall Guys en tu celular Agosto 31 2020 11:49 AM,https://noticias.canalrcn.com/https://canalrcn.com/todogamers/trucos-y-guias/articulo-video/prueba-estos-tres-juegos-al-estilo-fall-guys-en-tu-celular-3212
